last_name, first_name,year,pitch_hand,n,n_sl_formatted,sl_avg_speed,sl_avg_spin,sl_avg_break_x,sl_avg_break_z,sl_avg_break,sl_range_speed,n_cukc_formatted,cu_avg_speed,cu_avg_spin,cu_avg_break_x,cu_avg_break_z,cu_avg_break,cu_range_speed,
Perdomo, Luis,2019,R,1040,34.3,86.6,2295,1.1,-37.4,2.5,1.3,,,,,,,,
Britton, Zack,2019,L,933,13.6,80.6,2562,-11.2,-51.5,13.6,1.4,,,,,,,,
Bass, Anthony,2019,R,714,33.1,87.3,2294,5.4,-35.4,5.9,1.6,,,,,,,,
Rondon, Hector,2019,R,971,35.4,86.8,2348,5.9,-37.6,6.5,1.6,,,,,,,,
Pena, Felix,2019,R,1570,39.4,82.5,2498,1.7,-40.6,3.3,1.7,,,,,,,,
Rodon, Carlos,2019,L,696,37.2,83.8,2452,-6.9,-41.5,7.7,2,,,,,,,,
Grace, Matt,2019,L,704,30.2,83.4,2001,-4.2,-38.0,5.5,1.3,0.1,77.8,,-4.7,-50.0,5.3,,
Pineda, Michael,2019,R,2184,29.4,83.9,2011,-1.4,-37.4,3.3,1.8,,,,,,,,
Keuchel, Dallas,2019,L,1864,11.4,78.4,2229,-8.1,-46.5,9.2,1.6,,,,,,,,
Bummer, Aaron,2019,L,1039,3.1,84.9,2245,-14.4,-36.0,14.9,1.2,,,,,,,,
Mayza, Tim,2019,L,921,35.6,87.8,2186,0.2,-31.6,4.4,1.5,,,,,,,,
Wingenter, Trey,2019,R,906,45.0,85.8,2180,1.8,-38.3,3,1.4,,,,,,,,
Jewell, Jake,2019,R,412,35.6,84.8,2322,4.8,-42.3,6.5,1.3,,,,,,,,
Springs, Jeffrey,2019,L,665,11.2,83.7,2163,-4.8,-39.4,5.5,1.7,,,,,,,,
Lucchesi, Joey,2019,L,2641,,,,,,,,,,,,,,,
Soroka, Mike,2019,R,2555,24.2,83.2,2776,6.4,-45.8,7.8,2.1,,,,,,,,
Barria, Jaime,2019,R,1498,47.0,83.9,2239,3.3,-33.9,7.7,2,,,,,,,,
Chirinos, Yonny,2019,R,1984,21.5,87.5,2335,3.6,-29.6,7.7,1.8,,,,,,,,
Feliz, Michael,2019,R,1015,20.1,81.8,2374,7.9,-37.6,9.5,2,,,,,,,,
Soto, Gregory,2019,L,1104,23.8,84.9,2326,-3.7,-34.7,5.6,2.6,,,,,,,,
Strop, Pedro,2019,R,725,39.8,83.1,2429,4.7,-42.6,5.8,1.4,,,,,,,,
Dyson, Sam,2019,R,847,6.9,82.8,3270,17.3,-51.7,19.8,1.5,,,,,,,,
Cishek, Steve,2019,R,1109,40.0,78.9,2282,10.4,-44.1,10.8,1.4,,,,,,,,
Cisnero, Jose,2019,R,646,30.4,86.6,2511,4.5,-35.4,6.2,2.3,,,,,,,,
Robles, Hansel,2019,R,1141,21.4,89.1,2406,0.1,-30.4,5.4,1.9,,,,,,,,
Ottavino, Adam,2019,R,1157,44.8,81.8,2877,18.4,-40.0,18.7,1.6,,,,,,,,
Jansen, Kenley,2019,R,1049,12.2,81.8,2387,6.3,-43.8,7.6,1.6,,,,,,,,
Hardy, Blaine,2019,L,689,,,,,,,,20.0,76.5,1952,-6.2,-62.7,16,1.3,
Shoemaker, Matt,2019,R,417,17.7,81.7,2036,1.9,-38.9,4.2,1.5,2.3,76.4,2005,10.4,-51.8,11.3,1.6,
Law, Derek,2019,R,1192,30.4,84.8,2245,4.5,-41.8,6.4,2.2,19.8,76.8,2045,3.6,-57.4,11.2,2.2,
Buchter, Ryan,2019,L,783,,,,,,,,22.4,77.6,2087,-16.1,-49.6,16.7,2.8,
Guerrero, Tayron,2019,R,900,20.4,87.3,1954,4.1,-35.0,4.7,1.7,,,,,,,,
Diekman, Jake,2019,L,1183,46.0,85.0,2813,-5.9,-41.6,7.1,1.5,,,,,,,,
Doolittle, Sean,2019,L,1074,5.7,80.9,2424,-8.7,-39.9,9.5,1.6,,,,,,,,
Sanchez, Anibal,2019,R,2689,2.7,83.2,2306,5.9,-35.7,7.6,1.8,5.9,76.9,2113,3.7,-49.4,4.9,1.5,
Paddack, Chris,2019,R,2280,,,,,,,,10.4,76.1,2145,6.2,-60.7,14.4,1.9,
Hudson, Dakota,2019,R,2845,25.6,87.4,2430,2.3,-34.9,4.3,1.4,9.9,81.9,2196,9.4,-44.5,10.3,1.5,
Anderson, Tanner,2019,R,422,18.0,84.9,2434,0.8,-37.1,3,1.5,,,,,,,,
Montero, Rafael,2019,R,459,13.7,85.1,2434,8.0,-37.5,8.4,1.4,,,,,,,,
Odorizzi, Jake,2019,R,2785,,,,,,,,6.4,75.4,2253,9.0,-61.9,14.9,1.4,
Lambert, Peter,2019,R,1581,12.1,87.6,2164,3.2,-30.4,7.2,1.5,12.8,78.0,2277,5.4,-60.2,14.8,2.1,
Chen, Wei-Yin,2019,L,1151,22.6,85.8,2291,-5.4,-30.6,9,1.8,22.4,74.1,2299,-7.8,-63.0,14.5,1.8,
Wood, Hunter,2019,R,752,28.0,86.6,2555,6.2,-32.5,8.6,1.7,5.0,76.7,2328,7.8,-62.4,16.4,1.4,
Duke, Zach,2019,L,389,31.6,80.4,2495,-10.8,-39.7,12.4,1.5,12.0,74.1,2348,-15.4,-60.4,17.8,1.2,
Fedde, Erick,2019,R,1287,,,,,,,,19.7,79.2,2355,11.7,-49.9,13.2,1.7,
Anderson, Tyler,2019,L,428,,,,,,,,6.5,73.4,2377,-1.5,-62.1,9.8,1.6,
Tanaka, Masahiro,2019,R,2783,36.3,83.3,2391,6.7,-39.8,7.5,1.6,3.1,76.1,2391,9.2,-58.2,13.1,1.7,
Gallen, Zac,2019,R,1387,,,,,,,,18.8,79.2,2404,9.1,-54.4,13.9,1.8,
Yacabonis, Jimmy,2019,R,770,29.7,82.7,2565,6.9,-44.7,8.2,2.1,,,,,,,,
Osich, Josh,2019,L,1053,11.3,77.9,2288,-1.3,-51.9,5.2,3,,,,,,,,
Kittredge, Andrew,2019,R,817,37.3,88.3,2744,7.3,-33.8,7.7,1.3,,,,,,,,
Holder, Jonathan,2019,R,690,24.9,80.9,2779,11.5,-47.4,12.6,2,,,,,,,,
Brasier, Ryan,2019,R,978,31.9,85.2,2481,6.8,-37.3,7.3,1.6,,,,,,,,
VerHagen, Drew,2019,R,945,30.3,84.8,2279,9.0,-38.6,9.2,1.7,16.4,78.4,2414,11.6,-62.0,19.3,1.8,
Ryan, Kyle,2019,L,1052,,,,,,,,12.8,79.8,2424,-9.4,-48.0,10.4,1.3,
Foltynewicz, Mike,2019,R,1888,28.4,85.4,2443,3.5,-33.8,6.9,1.9,10.0,79.4,2436,4.7,-47.9,6.5,2,
Diaz, Edwin,2019,R,1071,33.8,89.5,2367,1.3,-28.2,6,1.6,,,,,,,,
Pannone, Thomas,2019,L,1255,0.0,84.4,2348,3.5,-30.6,9.3,,22.8,73.7,2447,-13.4,-58.2,15.1,1.4,
Toussaint, Touki,2019,R,777,,,,,,,,27.4,77.5,2470,12.5,-58.2,17.7,1.6,
Gibson, Kyle,2019,R,2763,20.7,84.1,2469,5.5,-40.0,6.1,1.3,12.7,80.1,2482,6.6,-51.5,11.3,1.5,
Flaherty, Jack,2019,R,3179,27.5,84.8,2381,6.4,-33.3,8.5,1.9,12.0,78.2,2501,12.9,-56.5,17.3,1.9,
Barlow, Scott,2019,R,1300,43.5,83.8,2445,8.4,-42.1,9.2,1.9,13.3,77.2,2516,14.9,-58.0,19.3,1.7,
May, Trevor,2019,R,1166,14.4,83.9,2556,5.9,-43.2,7.8,1.5,12.6,78.9,2527,10.2,-56.1,15.9,1.5,
Norris, Daniel,2019,L,2360,22.7,84.3,2512,-5.3,-39.2,6.3,1.8,6.5,75.8,2536,-7.7,-64.7,16.8,1.3,
Bauer, Trevor,2019,R,3686,13.8,79.6,2740,19.0,-46.8,19.4,1.7,19.6,79.1,2549,8.3,-63.6,20.4,1.7,
Turnbull, Spencer,2019,R,2658,20.6,86.5,2438,5.2,-36.1,6,1.9,12.0,80.3,2570,11.2,-56.0,16.7,2.1,
Dominguez, Seranthony,2019,R,464,34.0,89.5,2438,4.5,-32.5,5.5,1.3,,,,,,,,
Wilson, Justin,2019,L,691,8.2,83.8,2566,-6.9,-43.0,7.7,1.4,,,,,,,,
Chacin, Jhoulys,2019,R,1944,49.5,79.8,2354,12.8,-41.0,13.7,1.6,0.5,77.0,2582,13.4,-54.7,14.9,1.6,
Rodriguez, Dereck,2019,R,1664,,,,,,,,16.8,75.6,2589,11.7,-61.0,17.4,1.5,
Banuelos, Manny,2019,L,947,33.4,85.3,2265,-2.1,-34.8,5,1.9,10.3,78.8,2602,-12.4,-48.0,12.9,1.8,
Darvish, Yu,2019,R,2846,13.7,82.4,2725,16.7,-39.9,17.2,2.1,6.9,77.2,2624,11.4,-59.8,17.1,3.7,
Wisler, Matt,2019,R,935,70.4,83.5,2478,5.2,-37.5,7.7,1.8,0.3,75.3,2651,4.6,-60.9,11.3,1.5,
Holmes, Clay,2019,R,872,11.9,86.8,2424,2.8,-38.1,3.9,1.5,23.8,81.6,2684,9.9,-55.2,16.4,1.1,
Buchholz, Clay,2019,R,963,,,,,,,,17.4,75.1,2707,13.7,-61.1,17.8,1.8,
Ramirez, Neil,2019,R,461,31.0,84.6,2364,6.3,-38.6,6.7,1.3,13.2,79.4,2731,8.6,-52.6,12.4,1.6,
Urias, Julio,2019,L,1344,17.2,84.6,2584,-5.7,-37.9,7,2,6.1,77.3,2746,-7.5,-57.5,12.1,2.1,
Maton, Phil,2019,R,608,,,,,,,,21.5,77.4,2764,17.6,-52.5,19.1,2,
Brigham, Jeff,2019,R,690,48.5,83.0,2991,17.9,-43.1,18.2,1.2,,,,,,,,
Olson, Tyler,2019,L,543,,,,,,,,41.9,73.4,2775,-20.5,-57.7,20.9,1.2,
McHugh, Collin,2019,R,1294,43.3,79.5,2825,16.9,-44.0,17.2,1.7,8.0,74.5,2797,13.7,-62.9,18.4,1.8,
Brewer, Colten,2019,R,1016,11.0,88.2,2587,7.8,-35.8,8.1,1.8,44.5,81.9,2825,11.7,-58.8,20,1.5,
Pivetta, Nick,2019,R,1618,12.3,85.7,2306,4.7,-36.4,5.6,2.2,35.2,80.5,2861,11.7,-59.1,19.8,1.9,
Glasnow, Tyler,2019,R,902,,,,,,,,29.2,83.5,2907,5.6,-56.1,18.3,1.6,
Cahill, Trevor,2019,R,1720,,,,,,,,21.8,79.4,2950,11.7,-56.2,16.6,1.4,
McKay, David,2019,R,507,,,,,,,,37.0,78.4,3054,18.3,-53.9,20.4,1.4,
Smyly, Drew,2019,L,2130,,,,,,,,29.2,77.4,1950,4.1,-49.3,5,1.5,
Houser, Adrian,2019,R,1810,11.8,87.9,2216,3.9,-30.2,7.5,2.1,13.9,80.6,2004,3.1,-58.3,16.1,1.4,
Ruiz, Jose,2019,R,753,23.7,88.3,2261,4.6,-32.6,6.6,2.1,1.3,82.1,2043,3.8,-44.2,4.5,1.5,
Lopez, Reynaldo,2019,R,3161,18.2,84.4,2120,3.5,-35.3,5.3,2.2,8.3,78.3,2084,3.4,-49.0,5.5,2.2,
Ross, Joe,2019,R,1138,20.6,88.0,1933,2.0,-29.7,6.2,1.3,8.9,81.3,2106,1.5,-46.4,4.8,1.2,
Detwiler, Ross,2019,L,1157,1.9,83.8,2177,-1.4,-39.7,4.2,1.6,14.0,78.1,2145,-5.5,-54.7,9.6,1.3,
Clippard, Tyler,2019,R,929,,,,,,,,3.8,74.4,2178,6.4,-63.8,14.9,1.3,
Quintana, Jose,2019,L,2734,,,,,,,,27.2,77.0,2215,-8.6,-54.5,12,1.1,
Boyd, Matthew,2019,L,3101,36.2,79.6,2377,-4.2,-46.0,5.4,1.8,3.9,72.2,2248,-14.5,-61.1,16.5,1.7,
Price, David,2019,L,1861,,,,,,,,2.4,80.4,2264,-5.0,-45.2,5.6,1.7,
Rodriguez, Eduardo,2019,L,3494,2.3,85.2,2214,-5.6,-34.9,7.3,3.1,3.1,82.4,2285,-4.1,-46.1,6.8,2.5,
Woodruff, Brandon,2019,R,1978,19.8,88.4,2324,3.2,-32.8,4.7,1.4,1.8,81.2,2298,2.6,-43.5,3.8,1.5,
Urena, Jose,2019,R,1372,19.8,85.8,2315,1.9,-30.8,7.8,1.7,6.1,84.7,2328,4.7,-37.3,5.4,1.5,
Gonzales, Marco,2019,L,3157,,,,,,,,15.9,76.3,2346,-8.4,-60.7,14.8,1.4,
Lynn, Lance,2019,R,3435,,,,,,,,9.5,81.2,2352,7.8,-52.0,12.6,1.7,
Lauer, Eric,2019,L,2504,8.0,81.6,2393,-2.9,-45.0,4.9,2.1,13.7,77.1,2376,-4.8,-55.1,9.1,1.5,
Smith, Burch,2019,R,425,0.2,85.7,2247,3.7,-37.4,3.8,,20.0,78.2,2388,11.3,-58.7,17.4,1.9,
Fry, Jace,2019,L,1054,,,,,,,,18.5,78.4,2412,-6.5,-60.6,15.3,1.4,
Helsley, Ryan,2019,R,577,,,,,,,,8.6,81.0,2421,0.9,-49.6,7.4,1.8,
Vargas, Jason,2019,L,2504,,,,,,,,15.1,70.6,2433,-12.8,-65.7,15.5,2.1,
Covey, Dylan,2019,R,1018,0.2,83.4,2045,3.7,-40.8,4.3,1.6,9.7,82.0,2447,3.4,-46.9,6.3,2.2,
Snell, Blake,2019,L,1890,6.7,87.3,2367,-5.1,-31.6,7,1.6,24.5,81.0,2464,-5.6,-50.7,10.1,1.7,
Alcantara, Sandy,2019,R,3090,21.4,86.0,2477,4.3,-37.0,5.5,1.6,8.6,82.0,2481,5.5,-47.5,7.7,2.3,
Samardzija, Jeff,2019,R,3001,18.0,84.6,2449,-0.3,-31.4,7.8,1.6,2.4,76.3,2498,6.3,-58.7,12.5,1.7,
Harvey, Matt,2019,R,942,28.0,87.2,2413,2.3,-31.2,6.4,1.3,14.3,81.4,2516,2.9,-49.8,7.8,1.4,
Kikuchi, Yusei,2019,L,2629,27.9,86.0,2220,-3.5,-34.0,5.6,2,15.4,75.0,2527,-6.9,-63.7,16,2,
Cole, Taylor,2019,R,911,21.7,87.4,2395,1.9,-28.8,7.3,1.9,4.8,82.2,2535,6.5,-42.7,7.4,1.9,
Crichton, Stefan,2019,R,467,,,,,,,,32.9,78.8,2546,12.8,-54.7,15.8,1.2,
Strahm, Matt,2019,L,1787,30.1,86.0,2461,-2.9,-30.6,8.4,2.1,17.4,80.2,2570,-7.7,-44.7,8,2.3,
Ramirez, Yefry,2019,R,464,14.4,88.3,2459,-0.6,-26.5,9.3,1.7,3.4,80.3,2581,5.4,-44.0,5.7,1.5,
Hernandez, Darwinzon,2019,L,681,25.1,82.7,2625,-8.4,-44.1,9.7,1.8,0.5,76.0,2588,-12.8,-55.2,14.7,1.5,
German, Domingo,2019,R,2246,,,,,,,,36.1,81.7,2599,1.5,-46.8,5.3,1.5,
Hoffman, Jeff,2019,R,1256,0.9,83.7,2486,3.3,-37.9,4.3,1.4,28.9,77.1,2624,11.1,-59.7,17.1,1.8,
Johnson, DJ,2019,R,489,,,,,,,,36.1,82.5,2641,4.8,-52.0,12,1.3,
Stripling, Ross,2019,R,1444,15.9,86.3,2369,4.9,-31.3,8.6,1.9,28.5,79.8,2650,5.4,-58.7,15.1,1.5,
Tarpley, Stephen,2019,L,525,47.4,81.4,2229,-10.9,-37.2,13,1.6,1.7,76.9,2665,-14.7,-64.1,21.7,1.5,
Kelly, Merrill,2019,R,2962,,,,,,,,21.3,80.6,2683,9.6,-55.3,15.9,1.8,
Melancon, Mark,2019,R,1067,,,,,,,,31.0,82.1,2702,3.9,-57.7,16.3,1.2,
Straily, Dan,2019,R,966,19.9,83.6,2643,6.0,-37.3,7.2,1.6,3.5,76.1,2729,9.8,-54.2,11.5,1.6,
Taillon, Jameson,2019,R,555,31.8,88.7,2473,5.4,-30.0,7.8,1.7,15.6,82.1,2746,10.4,-52.7,15.7,1.4,
Payano, Pedro,2019,R,417,20.6,84.2,2543,3.7,-36.6,5.6,1.2,13.1,79.8,2763,8.2,-48.1,9.4,1.4,
Fulmer, Carson,2019,R,556,,,,,,,,8.0,82.8,2795,7.6,-48.4,11,1.2,
Verlander, Justin,2019,R,3242,28.6,87.5,2612,4.1,-30.2,7.8,1.3,17.2,79.4,2821,7.6,-57.4,14.6,1.4,
Burnes, Corbin,2019,R,887,31.0,87.9,2850,6.3,-35.0,6.8,1.7,7.7,80.9,2853,11.4,-49.0,13.6,1.5,
Brice, Austin,2019,R,779,,,,,,,,44.6,81.7,2903,12.4,-44.0,12.9,1.3,
Civale, Aaron,2019,R,861,14.4,83.6,2805,9.6,-38.5,10.8,1.5,11.0,75.5,2930,12.8,-67.7,21.2,1.7,
Ferguson, Caleb,2019,L,824,,,,,,,,21.7,76.2,3023,-12.1,-64.8,20.2,1.9,
Pressly, Ryan,2019,R,803,29.0,90.2,2740,5.2,-32.0,6.4,1.5,35.2,83.0,3305,16.8,-53.8,20.8,1.4,
Manaea, Sean,2019,L,443,21.6,79.3,2000,-1.2,-42.9,3.9,1.8,,,,,,,,
Morin, Mike,2019,R,717,15.4,81.7,2118,5.1,-39.7,6.1,2.1,,,,,,,,
Alcantara, Victor,2019,R,686,9.1,89.2,2024,-7.9,-29.0,10.5,1.5,,,,,,,,
Cordero, Jimmy,2019,R,542,7.1,83.5,2234,2.1,-45.3,7.1,1.8,,,,,,,,
Drake, Oliver,2019,R,939,,,,,,,,,,,,,,,
Otero, Dan,2019,R,416,13.9,78.9,2135,6.6,-47.1,7.9,1.5,,,,,,,,
Bailey, Homer,2019,R,2805,14.2,87.3,1837,2.4,-30.1,6.5,1.8,8.8,78.4,1925,10.1,-53.5,13.4,1.7,
Miller, Andrew,2019,L,961,61.2,82.4,2598,-11.1,-40.7,11.4,1.5,,,,,,,,
Castillo, Diego,2019,R,1119,51.4,88.7,2348,5.5,-34.3,6.9,1.6,,,,,,,,
Bradley, Archie,2019,R,1284,,,,,,,,24.6,82.1,1978,3.1,-49.0,9.4,1.7,
Brault, Steven,2019,L,1999,6.0,81.2,2192,-6.8,-42.5,7.3,1.2,1.0,71.1,2032,-12.4,-55.2,12.7,2.6,
Wacha, Michael,2019,R,2196,,,,,,,,10.2,75.3,2066,8.5,-60.0,14.3,1.5,
Claudio, Alex,2019,L,969,17.6,76.6,2238,-6.2,-46.0,7.1,1.5,0.1,69.9,2099,-7.8,-57.0,8.3,,
Gaviglio, Sam,2019,R,1427,44.2,84.3,2140,0.7,-34.6,5.1,1.3,3.5,79.8,2128,5.2,-47.0,6.6,1.4,
Parker, Blake,2019,R,1020,,,,,,,,15.4,76.0,2170,7.3,-59.4,14,1.4,
Conley, Adam,2019,L,1061,13.9,86.1,2112,-2.0,-35.9,3.9,1.9,7.4,83.0,2208,-4.2,-43.9,5.9,1.8,
Richards, Trevor,2019,R,2288,,,,,,,,7.2,78.9,2228,3.9,-51.9,8.6,1.6,
Nova, Ivan,2019,R,3000,,,,,,,,16.7,79.9,2258,2.8,-50.5,7.2,1.8,
Hale, David,2019,R,599,,,,,,,,18.3,82.1,2294,6.5,-40.4,7,1.5,
Hernandez, David,2019,R,776,,,,,,,,16.1,82.0,2341,5.3,-44.7,6.8,1.3,
Dugger, Robert,2019,R,568,24.2,79.1,2311,5.6,-45.1,5.9,1.3,13.2,72.8,2350,12.9,-60.9,14.9,1.7,
Wojciechowski, Asher,2019,R,1467,19.2,85.7,2408,5.9,-31.7,8.1,1.5,24.5,80.6,2371,13.6,-43.9,14,1.4,
Jeffress, Jeremy,2019,R,859,,,,,,,,28.4,81.0,2385,9.4,-48.4,11.4,1.5,
Alvarez, Jose,2019,L,984,10.8,83.3,2354,-4.6,-34.1,7.4,2.2,7.6,81.6,2395,-7.1,-40.0,7.4,1.6,
Alexander, Tyler,2019,L,918,15.5,85.3,2441,-3.5,-32.0,7.6,1.3,18.4,81.0,2427,-5.2,-43.6,5.9,1.5,
Dowdy, Kyle,2019,R,438,14.8,87.1,2181,3.8,-33.3,6.3,2,13.9,78.1,2477,9.5,-62.7,19.6,1.4,
Font, Wilmer,2019,R,1523,13.3,84.1,2259,5.9,-36.0,7.1,2.1,19.0,76.4,2492,9.9,-59.6,16.1,1.8,
Giolito, Lucas,2019,R,2814,14.7,84.6,2036,2.6,-32.3,6.8,1.5,4.1,79.4,2512,6.8,-59.6,16.8,1.6,
Anderson, Shaun,2019,R,1583,30.5,86.3,2649,5.7,-36.2,6.6,1.9,2.9,77.8,2519,5.9,-58.0,13.3,1.7,
Shawaryn, Mike,2019,R,461,32.9,85.0,2559,1.7,-36.9,3.1,1.3,22.1,80.9,2541,7.9,-45.9,8.9,1.3,
Allen, Logan,2019,L,449,22.9,83.5,2414,-5.0,-40.4,5.6,1.9,7.5,76.6,2561,-8.7,-59.5,14.3,1.8,
Nola, Aaron,2019,R,3331,,,,,,,,35.2,79.1,2574,14.9,-55.1,18.4,1.5,
Noesi, Hector,2019,R,497,29.1,88.1,2202,0.4,-27.2,9,1.4,16.7,80.1,2586,6.4,-49.0,8.1,1.2,
Mahle, Tyler,2019,R,2138,,,,,,,,23.1,80.4,2595,7.5,-50.2,10.6,1.9,
Davies, Zach,2019,R,2676,0.7,80.4,2426,5.3,-43.3,6.1,1.6,3.5,75.5,2636,8.7,-59.3,12.9,1.4,
Wheeler, Zack,2019,R,3158,19.7,91.2,2386,2.1,-26.2,7.2,1.6,9.9,80.7,2647,8.1,-54.1,14.2,1.6,
Reininger, Zac,2019,R,533,23.4,83.7,2510,6.7,-38.7,7.8,2.2,12.7,80.5,2660,8.0,-52.0,12,1.5,
Stroman, Marcus,2019,R,3046,30.8,85.7,2838,11.2,-37.8,11.6,2,0.9,75.4,2671,15.3,-55.6,16,2.5,
Gonzalez, Gio,2019,L,1399,,,,,,,,16.3,75.3,2688,-11.7,-66.9,20.3,1.4,
Ramirez, Noe,2019,R,1106,,,,,,,,37.3,77.7,2741,13.6,-50.0,14.2,1.2,
Wainwright, Adam,2019,R,2783,,,,,,,,36.8,74.9,2752,18.4,-62.4,22.1,2.1,
Nelson, Jimmy,2019,R,407,27.0,85.5,2794,12.2,-38.2,12.7,1.4,20.1,82.8,2770,10.3,-54.2,17.2,1.5,
Vazquez, Felipe,2019,L,958,16.7,86.8,2746,-11.4,-31.5,13.5,1.7,14.1,82.5,2784,-13.3,-48.1,14.8,1.6,
Porcello, Rick,2019,R,2960,18.6,84.3,2555,3.4,-34.9,6.2,1.7,12.5,74.9,2810,15.1,-58.3,16.9,1.7,
Sanchez, Aaron,2019,R,2303,,,,,,,,23.1,78.4,2841,14.8,-59.1,20,1.7,
Carrasco, Carlos,2019,R,1274,34.0,84.7,2729,2.4,-39.1,3.7,1.7,1.6,81.2,2886,9.3,-48.3,11.5,1.7,
Hill, Rich,2019,L,949,3.1,73.1,2828,-22.7,-56.2,23.2,1.9,42.1,74.5,2919,-18.5,-65.9,23.7,1.3,
Morgan, Adam,2019,L,463,38.0,81.3,2796,-11.5,-39.7,12.7,1.5,13.6,77.2,2994,-9.7,-57.4,13.3,1.8,
Stratton, Chris,2019,R,1245,24.0,84.5,2922,6.4,-40.1,6.9,1.6,13.0,77.1,3107,16.9,-57.2,19.8,1.6,
Lopez, Yoan,2019,R,865,39.4,84.3,2411,8.9,-39.8,9.7,2,,,,,,,,
McGee, Jake,2019,L,647,19.6,80.4,2031,-2.3,-44.1,3.1,1.4,,,,,,,,
Oberg, Scott,2019,R,898,43.3,85.6,2537,6.0,-38.7,6.5,1.5,,,,,,,,
Flynn, Brian,2019,L,513,41.7,82.4,2323,-4.2,-39.3,4.8,1.6,,,,,,,,
Gausman, Kevin,2019,R,1643,1.8,82.1,2264,1.3,-38.4,4.8,2.5,,,,,,,,
Kahnle, Tommy,2019,R,1026,3.8,83.4,2466,8.6,-39.6,9,1.5,,,,,,,,
Vincent, Nick,2019,R,747,0.8,83.5,2560,5.1,-40.7,5.6,1.4,,,,,,,,
Allard, Kolby,2019,L,837,,,,,,,,5.3,77.6,1884,-5.0,-55.5,9.9,1.5,
Irvin, Cole,2019,L,638,20.0,84.2,1943,-2.4,-32.8,7.4,1.6,2.6,76.4,1973,-1.3,-52.2,4.9,1.5,
Smith, Will,2019,L,1042,42.3,81.6,2333,-9.2,-41.2,9.8,1.5,9.0,77.1,2022,-9.5,-56.0,12.8,1.8,
Baez, Michel,2019,R,521,5.1,84.8,2071,2.4,-38.8,3.6,1.6,2.8,78.2,2062,4.2,-48.6,5.3,1.6,
Holland, Derek,2019,L,1473,29.5,81.1,2243,0.6,-38.5,5.2,1.6,4.2,77.7,2098,-0.8,-44.5,3.5,1.2,
Petit, Yusmeiro,2019,R,1137,,,,,,,,14.2,76.4,2125,11.6,-43.3,12.6,1.4,
Waguespack, Jacob,2019,R,1333,5.2,85.8,2121,5.0,-33.9,6.2,1.6,14.2,78.7,2168,1.7,-49.7,6.1,2.1,
Happ, J.A.,2019,L,2693,17.4,84.8,2191,-2.5,-32.4,7.4,1.8,0.8,81.0,2205,-3.3,-46.2,5,1.5,
Reyes, Gerardo,2019,R,458,24.2,88.1,2437,1.3,-34.4,4.2,2.6,1.7,82.3,2226,12.0,-45.5,12.9,1.5,
Martin, Brett,2019,L,1022,33.9,85.1,2276,-3.0,-37.7,4.2,1.7,13.7,80.9,2256,-3.0,-52.1,10.5,1.7,
LeBlanc, Wade,2019,L,1955,,,,,,,,10.8,72.5,2272,-13.2,-61.6,15.1,1.5,
Ramirez, Nick,2019,L,1322,,,,,,,,5.6,78.3,2281,-3.1,-55.4,9.9,1.3,
Clevinger, Mike,2019,R,2090,25.4,80.7,2516,16.8,-44.1,17.1,1.4,12.0,77.6,2310,8.6,-59.6,16,1.3,
Berrios, Jose,2019,R,3132,,,,,,,,28.8,81.2,2334,17.0,-45.2,17.4,2.1,
Cole, A.J.,2019,R,481,45.9,83.8,2374,1.6,-33.4,6.2,1.6,7.0,78.8,2349,4.9,-45.4,5.3,1.5,
Stammen, Craig,2019,R,1250,15.7,87.5,2341,2.0,-31.0,5.6,1.4,12.1,81.3,2363,7.6,-54.2,14.6,1.4,
Kela, Keone,2019,R,504,,,,,,,,43.8,81.9,2380,1.7,-47.3,7.1,1.7,
Anderson, Brett,2019,L,2659,18.6,81.9,2384,-4.6,-50.0,9.9,1.6,5.4,75.6,2393,-7.8,-65.4,17.3,1.8,
Eflin, Zach,2019,R,2571,30.7,87.1,2247,3.7,-29.8,7.9,2,5.3,77.9,2416,10.6,-53.2,13.1,1.3,
McRae, Alex,2019,R,497,19.7,87.2,2290,2.4,-30.1,7.1,1.5,13.4,80.0,2427,6.5,-49.6,9.1,1.4,
Iglesias, Raisel,2019,R,1115,30.6,84.1,2531,10.6,-38.1,11.2,1.8,,,,,,,,
Hernandez, Felix,2019,R,1216,8.9,83.8,2317,4.1,-37.8,5.2,1.1,35.1,79.3,2441,9.9,-53.1,13.1,1.5,
Velasquez, Vince,2019,R,2119,20.0,86.4,2467,5.8,-35.0,6.6,1.7,12.2,83.1,2475,4.7,-50.3,11.3,1.7,
Moronta, Reyes,2019,R,1037,34.6,83.4,2577,12.4,-38.9,12.8,1.7,,,,,,,,
Fry, Paul,2019,L,1076,46.2,83.9,2737,-15.5,-44.2,16.2,1.3,,,,,,,,
Lyles, Jordan,2019,R,2377,9.7,87.5,2333,4.4,-29.9,7.4,1.3,31.3,80.6,2491,5.8,-56.8,15.8,1.6,
Mills, Alec,2019,R,553,11.0,78.2,2609,15.1,-48.3,15.5,1.3,15.5,67.6,2511,14.5,-73.4,18.1,1.5,
Jackson, Edwin,2019,R,1315,25.1,85.7,2299,3.1,-36.1,4.4,1.8,2.7,77.9,2518,6.0,-53.6,9.7,1.9,
Lorenzen, Michael,2019,R,1298,9.7,87.1,2635,5.7,-35.7,6.8,1.7,7.2,83.8,2531,2.4,-50.7,10.9,1.8,
James, Josh,2019,R,1132,20.4,84.5,2537,13.0,-43.1,13.9,1.7,1.5,81.6,2560,6.6,-55.0,14.1,1.7,
Ryu, Hyun-Jin,2019,L,2704,0.2,80.1,2379,-4.3,-46.3,5.8,1.5,12.2,72.7,2573,-13.4,-66.1,18.8,2.3,
Beeks, Jalen,2019,L,1820,,,,,,,,18.8,75.1,2586,-10.9,-64.4,17.9,1.6,
Shaw, Bryan,2019,R,1188,9.3,83.1,2721,12.3,-45.4,13.2,1.7,7.7,80.8,2593,7.9,-55.2,13.7,1.8,
Rainey, Tanner,2019,R,900,29.0,87.2,2499,4.5,-39.0,5.6,1.5,,,,,,,,
Skaggs, Tyler,2019,L,1384,,,,,,,,33.6,75.0,2608,-10.6,-67.5,20.2,2.3,
Roe, Chaz,2019,R,925,64.3,81.1,2953,22.8,-46.3,23.2,1.4,0.6,74.8,2646,22.0,-52.6,22.2,1.5,
Neris, Hector,2019,R,1126,,,,,,,,,,,,,,,
Chapman, Aroldis,2019,L,988,31.0,85.2,2492,-10.7,-36.6,11.3,2.1,,,,,,,,
Gonsolin, Tony,2019,R,693,16.8,88.0,2553,2.3,-29.3,7.4,1.9,10.1,80.5,2657,3.4,-57.8,15.1,1.5,
Andriese, Matt,2019,R,1204,1.0,85.0,2460,2.6,-40.8,3.6,1.4,11.5,80.9,2671,5.2,-55.7,13.2,1.4,
Kennedy, Ian,2019,R,1095,,,,,,,,15.2,80.5,2687,11.8,-57.1,18.4,1.3,
Stewart, Kohl,2019,R,383,32.1,84.7,2428,6.9,-36.5,8.1,1.8,9.1,77.3,2726,16.0,-52.6,17.6,1.8,
Sandoval, Patrick,2019,L,714,9.2,86.6,2444,-5.9,-34.0,7.8,1.5,13.4,78.0,2739,-4.5,-54.9,9.6,1.5,
Soria, Joakim,2019,R,1098,11.7,81.5,2711,13.1,-43.9,13.8,2.5,13.0,73.0,2751,16.1,-67.2,22.5,2.3,
Carpenter, Ryan,2019,L,685,28.3,81.5,2689,-5.6,-42.4,6,1.2,11.9,76.1,2769,-12.9,-63.5,19.4,1.6,
Hendricks, Kyle,2019,R,2688,,,,,,,,9.7,71.4,2784,15.7,-68.0,19.6,1.4,
Tomlin, Josh,2019,R,1136,,,,,,,,17.3,76.5,2805,7.1,-57.1,11.1,1.3,
Suero, Wander,2019,R,1210,,,,,,,,7.1,79.5,2829,12.2,-56.6,17.5,1.9,
Plutko, Adam,2019,R,1794,24.1,85.9,2460,4.3,-29.8,9.5,1.6,10.6,77.3,2886,10.2,-54.5,12.5,1.6,
Buehler, Walker,2019,R,2831,14.1,86.8,2867,11.1,-38.0,11.7,2.3,12.0,80.7,2915,10.3,-59.2,19.1,1.7,
Gray, Sonny,2019,R,2806,21.0,84.6,2868,15.9,-43.0,16.7,1.3,25.4,81.9,2988,15.7,-53.9,19.9,1.7,
Kelly, Joe,2019,R,881,,,,,,,,36.5,87.2,3103,10.5,-50.0,16.7,1.8,
Perez, Oliver,2019,L,652,49.2,78.5,2279,-9.0,-46.6,9.4,1.5,,,,,,,,
Peralta, Wandy,2019,L,645,38.1,87.5,2253,-0.2,-32.3,4.8,1.4,,,,,,,,
Boxberger, Brad,2019,R,487,18.0,85.3,2242,4.7,-31.7,9.3,1.5,,,,,,,,
Brach, Brad,2019,R,996,19.3,85.4,2509,6.2,-37.6,7.1,1.9,,,,,,,,
Estevez, Carlos,2019,R,1240,27.1,87.7,2394,5.8,-35.9,6.3,1.8,,,,,,,,
Martin, Chris,2019,R,863,9.7,86.1,2299,4.9,-39.4,6.3,1.4,,,,,,,,
Giles, Ken,2019,R,810,49.3,86.4,2245,-0.9,-35.1,3.8,1.3,,,,,,,,
Farmer, Buck,2019,R,1154,25.2,82.4,2657,1.6,-38.0,4,1.3,,,,,,,,
Stanek, Ryne,2019,R,1296,23.6,89.6,2251,0.2,-31.0,4.6,1.4,,,,,,,,
Bedrosian, Cam,2019,R,1013,50.9,83.2,2630,4.4,-45.1,6.7,2,,,,,,,,
Minter, A.J.,2019,L,588,0.1,86.3,2156,-4.8,-30.2,7.9,,,,,,,,,
Kelley, Shawn,2019,R,768,60.1,82.4,2431,6.8,-39.3,7.4,1.8,,,,,,,,
Gonzalez, Chi Chi,2019,R,1145,6.4,82.0,2632,5.0,-43.4,5.5,1.4,,,,,,,,
Ross, Tyson,2019,R,594,28.1,83.6,2640,6.5,-42.7,7.1,1.2,,,,,,,,
Mejia, Adalberto,2019,L,629,30.0,84.5,2507,-3.6,-36.9,5.4,2.3,,,,,,,,
Suarez, Ranger,2019,L,763,20.1,84.9,2122,-3.5,-34.9,5.9,1.6,,,,,,,,
Martinez, Carlos,2019,R,778,28.4,86.0,2144,8.7,-36.0,10,1.6,,,,,,,,
Hill, Tim,2019,L,633,24.4,78.0,2112,-3.6,-39.1,7.2,1.6,,,,,,,,
Hicks, Jordan,2019,R,441,34.6,87.0,2439,10.5,-37.9,11.2,2.3,,,,,,,,
Nicasio, Juan,2019,R,832,45.6,86.7,1934,1.8,-31.5,6.3,2.1,,,,,,,,
Rodney, Fernando,2019,R,851,3.2,86.3,2254,2.3,-30.1,7.9,1.8,,,,,,,,
Castillo, Luis,2019,R,3069,16.9,85.9,2330,-0.4,-38.3,2.1,1.4,,,,,,,,
Kolarek, Adam,2019,L,793,7.9,75.7,1979,-9.3,-41.0,12.8,1.5,,,,,,,,
Kline, Branden,2019,R,708,34.0,86.6,2296,2.1,-32.8,5.4,1.8,,,,,,,,
Hirano, Yoshihisa,2019,R,934,0.3,73.5,2138,5.5,-60.7,9.9,1.4,,,,,,,,
Walden, Marcus,2019,R,1268,37.2,85.6,2381,10.5,-38.9,11,1.2,,,,,,,,
Goody, Nick,2019,R,709,48.8,82.3,2390,9.9,-40.7,10.4,1,,,,,,,,
Stashak, Cody,2019,R,367,38.9,82.2,2222,9.8,-35.9,12,1.3,,,,,,,,
Sadzeck, Connor,2019,R,424,51.1,89.9,2287,-0.1,-27.2,7.7,1.5,,,,,,,,
Swanson, Erik,2019,R,970,17.6,85.3,2226,3.1,-33.1,6.9,2.1,,,,,,,,
Castro, Miguel,2019,R,1232,31.0,86.1,3029,7.7,-38.1,8.4,1.7,,,,,,,,
Baez, Pedro,2019,R,1091,17.2,86.3,1740,2.8,-32.7,5.6,1.5,,,,,,,,
Strickland, Hunter,2019,R,369,29.8,83.6,2776,9.4,-42.4,9.9,1.3,,,,,,,,
Devenski, Chris,2019,R,1144,19.4,81.6,2298,9.4,-42.3,10.2,1.6,,,,,,,,
Brebbia, John,2019,R,1212,42.8,83.7,2605,7.9,-35.2,9.1,1.7,,,,,,,,
Scott, Tanner,2019,L,463,41.2,88.7,2586,-4.4,-34.4,5,1.5,,,,,,,,
Gallegos, Giovanny,2019,R,1134,44.1,85.3,2242,0.5,-39.5,2.9,1.2,,,,,,,,
Shafer, Justin,2019,R,732,27.0,85.6,2474,5.5,-36.9,7.8,1.6,,,,,,,,
Rodriguez, Richard,2019,R,1150,14.3,81.6,2421,5.2,-45.9,7.6,1.3,,,,,,,,
Adams, Austin,2019,R,530,63.5,89.4,2829,6.6,-34.4,7.5,1.2,,,,,,,,
Almonte, Yency,2019,R,608,39.9,85.8,2408,5.4,-37.5,6,1.8,,,,,,,,
Webb, Logan,2019,R,676,23.5,81.9,2718,10.7,-42.5,11.1,1.2,,,,,,,,
Herrera, Kelvin,2019,R,907,12.6,81.7,2676,13.6,-45.7,14.2,2.1,,,,,,,,
Agrazal, Dario,2019,R,1148,18.9,83.0,2247,1.1,-41.0,2.4,1.5,,,,,,,,
Floro, Dylan,2019,R,729,28.5,87.9,2156,1.5,-29.6,6.5,1.6,,,,,,,,
Kinley, Tyler,2019,R,866,57.7,88.5,2539,4.0,-35.9,4.9,1.7,,,,,,,,
Luciano, Elvis,2019,R,635,25.5,84.4,2188,0.9,-37.5,2.6,1.4,,,,,,,,
Yates, Kirby,2019,R,1021,0.8,85.2,2265,2.1,-35.7,6.5,1.7,,,,,,,,
Watson, Tony,2019,L,813,10.5,85.6,2367,-1.9,-33.4,5.7,1.5,,,,,,,,
Crick, Kyle,2019,R,933,37.4,81.5,3246,19.7,-41.3,20,1.3,,,,,,,,
Montas, Frankie,2019,R,1485,24.9,88.4,2509,5.0,-31.8,7.3,1.7,,,,,,,,
Markel, Parker,2019,R,460,50.8,83.1,2706,10.2,-42.9,10.9,1.6,,,,,,,,
Barnes, Jacob,2019,R,660,0.1,82.1,2165,4.1,-42.4,4.8,,,,,,,,,
Smith, Caleb,2019,L,2660,31.5,83.5,2297,-2.1,-37.5,5.2,1.9,,,,,,,,
Hartlieb, Geoff,2019,R,650,20.7,85.2,2511,8.8,-36.1,9.3,1.5,,,,,,,,
Sobotka, Chad,2019,R,563,43.1,84.8,2959,11.5,-42.7,12.3,1.7,,,,,,,,
Bashlor, Tyler,2019,R,381,25.7,82.2,2456,4.0,-48.6,8.4,1.3,,,,,,,,
Eshelman, Tom,2019,R,609,21.1,80.8,1853,3.8,-36.6,7.2,1.4,15.1,76.2,1944,4.5,-54.9,8.3,1.4,
Santiago, Hector,2019,L,712,16.1,85.0,2051,-2.8,-33.4,6.6,1.9,4.6,74.6,2003,-6.4,-56.1,8.1,2.1,
Hamels, Cole,2019,L,2394,,,,,,,,12.4,78.0,2040,-6.2,-56.7,12.4,1.5,
Reid-Foley, Sean,2019,R,611,34.0,83.8,2166,5.0,-36.9,5.9,1.2,7.3,81.1,2077,12.6,-47.4,14.2,1.6,
Warren, Adam,2019,R,555,47.2,85.5,2226,5.7,-33.9,7.3,1.2,4.1,78.8,2104,8.3,-57.3,14.8,1.4,
Eovaldi, Nathan,2019,R,1264,3.1,84.9,2237,7.3,-38.1,8.5,1.6,17.4,80.5,2174,7.8,-51.9,11.8,1.6,
Senzatela, Antonio,2019,R,2237,19.4,84.3,2136,5.6,-38.8,6.1,1.7,10.6,78.8,2214,5.7,-49.7,7.9,1.7,
Means, John,2019,L,2680,14.1,83.6,2324,-4.6,-33.4,8,1.7,6.1,77.0,2239,-3.8,-51.9,6.3,2.1,
Minaya, Juan,2019,R,476,8.8,84.4,2194,2.7,-36.4,3.7,1.4,8.4,83.6,2263,4.4,-40.0,4.7,1.4,
Syndergaard, Noah,2019,R,3092,15.2,89.1,2178,3.7,-34.3,4.6,1.8,9.4,80.4,2275,11.9,-46.1,12.7,1.8,
Pomeranz, Drew,2019,L,1942,,,,,,,,31.9,81.2,2283,-3.5,-59.5,15.7,1.9,
Holland, Greg,2019,R,598,43.4,84.3,2070,4.7,-38.9,5.1,1.7,9.1,77.5,2297,4.8,-56.7,11,1.6,
Quantrill, Cal,2019,R,1779,21.5,86.4,2346,3.0,-35.2,4.2,1.4,3.8,79.5,2326,3.2,-48.6,5.8,2,
Duffy, Danny,2019,L,2161,26.3,84.0,2310,-3.1,-37.6,5.1,1.9,9.0,76.1,2346,-8.6,-63.2,17.9,1.6,
Kingham, Nick,2019,R,1027,1.2,82.0,2355,5.9,-43.0,6.1,1.4,19.2,80.1,2373,9.0,-55.2,14.4,1.5,
Duffey, Tyler,2019,R,978,37.4,83.6,2550,5.0,-50.7,12.4,2.3,8.0,75.9,2385,9.8,-62.1,16.8,2.2,
Sheffield, Justus,2019,L,673,35.6,84.2,2475,-4.4,-40.8,5.1,1.3,0.1,79.4,2404,-5.6,-48.1,5.9,,
Barraclough, Kyle,2019,R,708,14.6,82.5,2403,8.9,-38.1,9.7,1.1,7.4,80.2,2412,9.2,-48.0,10.4,1.3,
Junis, Jakob,2019,R,2923,29.6,82.4,2522,14.7,-43.3,15.1,1.3,14.0,79.3,2421,15.3,-48.6,15.9,1.2,
Chavez, Jesse,2019,R,1306,13.3,86.4,2333,5.1,-30.3,8.8,1.3,0.3,83.5,2429,6.6,-41.4,7,1.5,
Matz, Steven,2019,L,2700,14.4,89.5,2069,3.1,-29.0,6.5,1.3,14.8,78.6,2447,-12.3,-53.0,14.9,1.8,
Kershaw, Clayton,2019,L,2575,39.0,86.9,2668,-4.8,-28.8,9.8,1.3,16.4,73.5,2463,-3.4,-68.0,16.6,1.1,
Fillmyer, Heath,2019,R,452,19.2,83.3,2371,2.1,-42.4,3.8,1.3,9.7,78.6,2478,3.9,-55.2,10.2,1.4,
Wang, Wei-Chung,2019,L,519,37.5,84.1,2343,-3.8,-33.7,7.5,2.2,2.5,76.8,2494,-4.5,-53.9,7.7,1.6,
Sampson, Adrian,2019,R,2056,33.1,83.9,2595,3.6,-41.1,4.5,1.7,0.0,79.3,2516,4.8,-47.5,5.2,1.4,
Mengden, Daniel,2019,R,1048,12.1,83.4,2342,5.8,-40.9,6.4,1.7,9.7,72.5,2526,10.1,-70.8,20.5,1.5,
Minor, Mike,2019,L,3356,19.3,86.4,2737,-5.6,-34.8,6.9,1.5,11.4,80.7,2534,-6.9,-54.5,12.6,2.1,
Heaney, Andrew,2019,L,1688,,,,,,,,26.9,79.4,2545,-7.0,-49.3,8.5,1.5,
deGrom, Jacob,2019,R,3191,32.0,92.5,2454,3.0,-24.6,7.6,1.2,2.9,84.3,2567,6.2,-40.9,7,1.8,
Wendelken, J.B.,2019,R,485,4.9,85.0,2511,4.4,-37.8,5.7,1.5,17.9,80.2,2578,12.5,-59.7,19.9,1.5,
Mikolas, Miles,2019,R,2804,23.5,87.0,2321,3.7,-34.0,5,1.6,21.3,78.3,2588,9.1,-61.4,17.7,1.4,
Peacock, Brad,2019,R,1507,28.5,81.3,2751,13.8,-35.5,16.2,1.5,6.9,78.6,2599,12.1,-58.0,17,1.7,
Cease, Dylan,2019,R,1364,20.9,84.7,2622,5.3,-43.9,7.2,1.7,18.5,79.5,2622,6.1,-63.3,19.3,1.8,
Yamamoto, Jordan,2019,R,1376,14.8,79.0,2793,15.0,-50.6,16.1,2.1,13.8,74.7,2637,11.6,-64.8,18.6,2.4,
Rogers, Taylor,2019,L,1040,35.3,82.8,2529,-11.0,-38.5,11.8,2,14.7,79.9,2663,-13.7,-44.8,13.9,1.5,
Johnson, Brian,2019,L,772,26.6,77.6,2574,-13.3,-47.6,14.1,1.8,34.5,74.9,2697,-12.1,-63.6,18.4,1.5,
Ponce de Leon, Daniel,2019,R,861,0.1,84.4,2426,3.7,-39.7,3.8,,8.4,77.9,2728,9.3,-62.3,17.3,2.1,
Roark, Tanner,2019,R,2882,21.8,86.3,2255,2.9,-31.2,7.4,1.9,12.7,75.7,2746,12.2,-64.4,19.2,1.3,
Teheran, Julio,2019,R,3034,20.9,82.2,2603,3.2,-37.2,5.8,1.8,6.4,74.8,2762,12.0,-52.4,12.5,2.2,
Strasburg, Stephen,2019,R,3383,0.3,87.8,2250,4.0,-29.0,7.5,1.5,30.6,81.2,2773,12.9,-49.5,15.3,1.4,
Thornton, Trent,2019,R,2759,26.9,80.5,3089,11.0,-52.3,14.3,1.3,1.5,73.9,2795,11.1,-63.2,15.6,1.9,
Biagini, Joe,2019,R,1142,,,,,,,,8.6,77.0,2821,7.1,-67.1,19.7,1.8,
Hellickson, Jeremy,2019,R,675,,,,,,,,13.3,73.7,2845,12.0,-67.7,18.7,2.1,
Cole, Gerrit,2019,R,3360,23.1,89.2,2622,4.9,-31.8,6.4,1.5,15.4,82.6,2901,11.7,-55.6,18.4,1.9,
Hall, Matt,2019,L,501,5.3,81.7,2895,-6.6,-44.8,7.3,1.5,23.9,76.7,2927,-12.4,-64.9,20.9,1.2,
Pruitt, Austin,2019,R,720,23.3,87.4,2658,5.1,-36.1,6,1.3,13.6,81.6,2999,7.2,-52.8,12.4,1.6,
Lugo, Seth,2019,R,1272,12.9,88.1,2435,3.5,-29.1,7.7,1.5,23.7,79.6,3285,12.7,-61.9,21.1,1.9,
Margevicius, Nick,2019,L,958,25.2,80.2,1960,-3.8,-42.0,5.1,1.6,13.4,70.8,1939,-7.4,-67.4,13.7,1.6,
Corbin, Patrick,2019,L,3299,37.1,81.7,2398,-3.6,-42.0,4.3,1.9,3.4,67.8,1989,-3.6,-61.4,4.3,2.4,
McKay, Brendan,2019,L,877,,,,,,,,26.2,81.7,2032,-8.3,-49.8,12.1,1.2,
Hughes, Jared,2019,R,1103,3.9,84.4,2095,2.2,-36.4,3.9,1.5,7.4,81.0,2074,6.1,-44.1,6.8,2.1,
Gott, Trevor,2019,R,913,1.4,86.0,2314,4.5,-34.0,6.2,1.5,17.7,81.1,2099,10.8,-53.3,14.7,1.3,
McCarthy, Kevin,2019,R,901,3.4,83.3,2111,0.4,-35.5,3.9,1.3,2.8,82.3,2133,3.0,-37.8,3.8,1.4,
Anderson, Chase,2019,R,2296,,,,,,,,10.2,77.8,2170,7.5,-61.4,15.9,1.4,
Wittgren, Nick,2019,R,967,18.8,83.7,2450,5.0,-40.7,5.6,1.4,0.1,78.4,2211,6.0,-50.8,8.3,,
Bassitt, Chris,2019,R,2410,0.1,79.2,2313,7.3,-48.6,8.4,1.5,12.8,70.3,2238,13.8,-71.3,19.7,1.7,
Williams, Trevor,2019,R,2327,20.0,82.9,2202,6.3,-38.0,6.9,1.6,0.9,76.7,2259,7.5,-50.9,8.6,1.4,
Barnes, Matt,2019,R,1310,,,,,,,,50.6,85.5,2274,3.6,-50.0,13,1.3,
Webb, Tyler,2019,L,882,,,,,,,,15.4,76.7,2283,-4.0,-51.6,6.3,1.4,
Miller, Shelby,2019,R,862,,,,,,,,24.3,79.4,2325,7.6,-54.8,13.2,1.2,
Hess, David,2019,R,1430,24.6,83.4,2322,5.1,-36.9,7,1.6,4.5,77.3,2351,7.9,-52.2,9.1,2,
Zimmermann, Jordan,2019,R,1866,31.5,85.8,2288,3.5,-29.8,8.7,1,19.5,80.2,2372,5.4,-48.5,7.7,1.3,
Duplantier, Jon,2019,R,676,19.6,83.4,2213,6.2,-38.2,6.7,1.9,12.4,78.4,2385,9.6,-56.9,15.7,2.1,
Cessa, Luis,2019,R,1351,49.8,84.9,2491,0.9,-38.6,2.3,1.2,0.9,80.8,2397,3.7,-47.9,6.3,1.4,
Rodriguez, Jefry,2019,R,784,,,,,,,,22.9,80.9,2412,5.2,-45.6,7,1.7,
Miley, Wade,2019,L,2863,0.9,81.7,2398,-4.9,-45.5,6.3,1.4,9.2,75.6,2428,-7.7,-62.6,14.6,2,
Greinke, Zack,2019,R,3084,16.2,83.7,2517,7.1,-39.7,8.1,2.2,14.7,70.6,2445,12.4,-68.9,16.9,2.7,
Bowman, Matt,2019,R,549,17.6,89.3,2245,4.6,-28.2,8.3,1.6,11.4,80.6,2462,15.8,-43.7,16.2,1.6,
Sparkman, Glenn,2019,R,2272,9.8,82.3,2411,3.2,-42.0,4.8,1.7,16.5,79.1,2477,7.6,-56.2,14.6,2.2,
Poche, Colin,2019,L,869,,,,,,,,10.0,83.9,2493,-8.4,-35.0,9.4,1.5,
Gagnon, Drew,2019,R,401,3.7,84.4,2330,1.1,-39.3,2.3,1.5,9.7,79.1,2515,8.6,-54.6,13.4,1.7,
Alvarado, Jose,2019,L,586,,,,,,,,3.7,86.8,2523,-3.0,-40.5,5.6,1.4,
Allen, Cody,2019,R,491,,,,,,,,46.2,82.6,2534,8.8,-48.3,11.7,1.1,
Pagan, Emilio,2019,R,1075,,,,,,,,2.0,80.3,2544,7.6,-55.1,14.6,1.7,
Osuna, Roberto,2019,R,945,19.5,88.2,2495,6.8,-31.9,8.2,1.5,0.2,83.1,2565,5.5,-41.8,6.8,1.5,
Musgrove, Joe,2019,R,2654,22.0,83.2,2495,11.6,-40.4,11.8,1.2,9.4,82.1,2575,6.9,-52.4,12.7,1.3,
Festa, Matt,2019,R,381,39.3,86.2,2458,7.2,-32.1,9.6,1.5,7.3,81.7,2586,7.1,-47.7,9.3,1.6,
Erlin, Robbie,2019,L,959,10.2,88.2,2491,-2.0,-26.6,9.8,1.8,22.3,76.2,2598,-5.4,-65.8,18.2,1.6,
Perez, Martin,2019,L,2771,,,,,,,,4.7,79.2,2637,-5.1,-51.3,8.5,1.4,
Phelps, David,2019,R,641,,,,,,,,27.7,80.1,2648,10.1,-55.5,14.9,1.5,
Archer, Chris,2019,R,2097,35.4,88.7,2613,5.4,-33.8,6.1,1.7,2.0,82.6,2676,4.2,-48.5,8.5,1.9,
Marquez, German,2019,R,2616,21.1,87.4,2371,0.4,-33.5,4.2,2,23.4,84.9,2693,3.2,-43.3,5.4,2.3,
Eickhoff, Jerad,2019,R,974,29.4,83.8,2564,0.1,-32.9,6.9,1.3,31.5,74.6,2744,8.2,-61.2,13.6,1.2,
Hembree, Heath,2019,R,718,16.1,87.5,2624,2.6,-29.0,7.7,1.5,13.9,81.7,2760,9.8,-48.9,12.4,1.8,
Keller, Mitch,2019,R,753,20.8,87.6,2661,4.1,-35.9,4.7,1.3,15.9,81.1,2770,9.2,-56.9,17.1,1.3,
Suarez, Jose,2019,L,1485,3.4,81.4,2476,-3.4,-43.2,4.1,1.9,18.4,75.8,2788,-12.4,-55.8,14.1,1.9,
Coonrod, Sam,2019,R,450,,,,,,,,17.1,86.5,2816,5.8,-43.7,8.7,1.8,
Fried, Max,2019,L,2669,15.9,83.7,2562,-12.7,-42.6,13.7,2.2,24.7,74.5,2844,-9.2,-69.6,20.8,1.7,
Adams, Chance,2019,R,519,16.7,83.5,2986,9.4,-39.9,9.6,1.4,17.3,79.0,2901,17.4,-51.5,18.7,1.5,
Smith, Josh A.,2019,R,593,29.3,86.9,2615,4.3,-28.2,9.7,1.9,23.1,78.0,2920,13.0,-56.4,16.6,1.6,
Guerrieri, Taylor,2019,R,490,,,,,,,,44.4,80.5,2998,11.1,-63.5,21.8,1.6,
Sims, Lucas,2019,R,751,19.0,83.3,3004,11.5,-35.7,13,1.5,24.7,81.6,3120,12.0,-47.7,13.1,1.6,
Bleier, Richard,2019,L,760,6.3,79.7,1970,-3.0,-46.1,4.1,1.6,,,,,,,,
Kintzler, Brandon,2019,R,855,10.1,86.7,2297,-1.2,-33.3,4,1.5,,,,,,,,
Albers, Matt,2019,R,1003,33.0,83.4,2405,5.4,-39.2,6.3,2.2,,,,,,,,
Garcia, Luis,2019,R,1046,34.2,85.2,2315,7.1,-37.5,7.4,1.8,,,,,,,,
Hader, Josh,2019,L,1138,15.5,81.9,2618,-7.4,-39.0,8.9,1.8,,,,,,,,
Colome, Alex,2019,R,975,,,,,,,,,,,,,,,
Diaz, Jairo,2019,R,888,43.9,88.2,2413,1.6,-37.4,2.7,1.3,,,,,,,,
Familia, Jeurys,2019,R,1041,26.5,88.1,2245,0.1,-31.5,5.1,1.4,,,,,,,,
Richard, Clayton,2019,L,728,25.9,79.6,2219,-0.7,-46.8,3.9,2,,,,,,,,
Romo, Sergio,2019,R,995,59.5,77.4,2830,14.8,-38.1,17.8,1.7,,,,,,,,
Buttrey, Ty,2019,R,1210,29.5,83.8,1868,2.5,-43.0,4.3,1.6,,,,,,,,
Hernandez, Elieser,2019,R,1442,33.2,78.5,2245,10.6,-33.4,16.8,1.8,,,,,,,,
Swarzak, Anthony,2019,R,940,59.3,86.1,2449,4.5,-34.3,5.8,1.3,,,,,,,,
Anderson, Justin,2019,R,895,52.0,84.5,2260,8.4,-35.0,10,1.5,,,,,,,,
Garcia, Edgar,2019,R,723,48.6,87.1,2357,4.5,-33.2,7.5,1.3,,,,,,,,
Parsons, Wes,2019,R,636,36.3,85.9,2512,2.9,-38.0,4.7,2.1,,,,,,,,
Sale, Chris,2019,L,2465,38.4,79.0,2492,-14.0,-49.8,14.9,2.4,,,,,,,,
Stumpf, Daniel,2019,L,522,37.9,81.4,2257,-3.7,-41.8,5,1.9,,,,,,,,
Givens, Mychal,2019,R,1092,15.2,87.1,2476,4.4,-31.5,7.2,1.9,,,,,,,,
Hand, Brad,2019,L,946,54.1,81.2,2474,-15.8,-45.6,16.1,1.4,,,,,,,,
Hudson, Daniel,2019,R,1217,23.2,86.7,2642,2.3,-35.2,4.3,1.8,,,,,,,,
Armstrong, Shawn,2019,R,1132,12.4,83.0,2863,13.1,-42.6,13.6,1.6,,,,,,,,
McFarland, T.J.,2019,L,894,15.5,80.9,2252,-5.3,-46.6,6.5,1.2,,,,,,,,
Liriano, Francisco,2019,L,1132,30.3,87.0,2289,-2.1,-30.4,7.4,2.5,,,,,,,,
Garrett, Amir,2019,L,949,57.9,85.8,1832,-0.7,-33.4,4.3,1.3,,,,,,,,
Cimber, Adam,2019,R,798,32.2,75.4,2153,5.2,-46.2,6.3,1.5,,,,,,,,
Sabathia, CC,2019,L,1727,30.2,79.2,2208,-10.7,-41.9,11.4,1.3,,,,,,,,
Chafin, Andrew,2019,L,893,38.6,84.4,2361,-0.4,-38.8,1.8,1.2,,,,,,,,
Keller, Brad,2019,R,2711,31.3,84.9,2510,7.2,-44.0,8.9,1.7,,,,,,,,
Brennan, Brandon,2019,R,712,6.4,87.1,2097,-1.0,-33.4,4.5,1.4,,,,,,,,
Phillips, Evan,2019,R,567,26.1,84.6,2472,7.4,-44.9,10,1.5,,,,,,,,
Garcia, Jarlin,2019,L,758,42.6,84.4,2380,-6.6,-39.1,6.9,1.4,,,,,,,,
Gearrin, Cory,2019,R,903,40.3,85.2,2826,3.6,-33.9,7,1.7,,,,,,,,
Greene, Shane,2019,R,948,21.4,80.2,2593,16.7,-41.8,17.3,1.4,,,,,,,,
Treinen, Blake,2019,R,1000,13.7,88.5,2609,3.2,-39.4,4.9,1.5,,,,,,,,
Leone, Dominic,2019,R,663,14.4,83.7,2479,5.2,-43.3,6.8,1.8,,,,,,,,
Newberry, Jake,2019,R,538,44.4,83.6,2437,5.5,-41.4,6.1,1.4,,,,,,,,
Jackson, Jay,2019,R,532,55.2,85.9,2444,4.8,-36.4,5.8,1.3,,,,,,,,
Stewart, Brock,2019,R,486,32.5,83.6,2351,5.8,-36.3,7.5,1.8,,,,,,,,
Stephenson, Robert,2019,R,1001,57.1,84.5,2799,4.4,-40.4,5.9,1.6,,,,,,,,
Green, Chad,2019,R,1318,20.7,87.6,2251,3.5,-33.5,5.3,1.2,,,,,,,,
Jimenez, Joe,2019,R,1056,25.8,86.1,2329,5.4,-32.9,7.2,1.7,,,,,,,,
Bard, Luke,2019,R,794,50.3,86.0,2891,5.4,-36.3,6.3,1.8,,,,,,,,
Littell, Zack,2019,R,549,48.6,86.5,2143,0.8,-31.4,5.8,1.9,1.0,74.1,1959,9.7,-64.0,16.7,1.4,
Zimmer, Kyle,2019,R,435,25.7,85.2,2179,3.3,-36.6,4.3,1.4,8.2,79.7,2016,5.2,-59.3,16,1.6,
DeSclafani, Anthony,2019,R,2587,24.2,89.4,2315,3.7,-27.4,8.4,1.9,15.0,83.3,2048,4.8,-45.2,7.5,2,
Peralta, Wily,2019,R,670,32.0,82.1,2203,0.8,-44.5,3.6,2.1,0.1,74.7,2095,1.9,-55.9,4.8,,
Godley, Zack,2019,R,1548,,,,,,,,42.1,81.8,2123,2.5,-49.6,7.6,1.5,
Velazquez, Hector,2019,R,980,16.8,83.0,2120,6.6,-33.2,10.1,2.4,2.5,76.9,2162,5.4,-53.6,9.1,2.3,
Skoglund, Eric,2019,L,395,,,,,,,,23.0,78.8,2202,-4.1,-47.8,7.3,3.2,
Freeland, Kyle,2019,L,1779,30.3,86.7,2235,-2.7,-30.8,6.2,1.6,6.0,81.2,2256,-2.2,-40.7,3.2,1.7,
Brooks, Aaron,2019,R,1897,22.4,85.6,2467,1.5,-36.0,3.6,1.7,3.2,78.6,2271,3.1,-50.6,6.1,1.8,
Montgomery, Mike,2019,L,1575,,,,,,,,21.2,77.7,2281,-6.7,-54.2,11,1.5,
Beede, Tyler,2019,R,2026,11.4,86.3,2199,1.4,-34.6,3.4,1.3,13.7,80.3,2292,7.7,-58.8,16.6,1.6,
Ynoa, Gabriel,2019,R,1813,27.9,84.0,2280,2.5,-38.6,3.9,1.9,2.3,79.9,2306,5.6,-47.2,6.9,1.3,
Harper, Ryne,2019,R,853,,,,,,,,60.2,74.1,2333,12.9,-59.0,15.4,3.2,
Cashner, Andrew,2019,R,2511,13.0,85.7,2255,4.1,-36.1,5.5,1.8,10.8,80.6,2349,11.3,-55.4,15.7,1.6,
Lopez, Pablo,2019,R,1795,,,,,,,,19.3,79.8,2358,10.8,-45.4,11.5,1.6,
Young, Alex,2019,L,1324,,,,,,,,20.0,81.5,2379,-2.4,-46.6,4.8,1.3,
Blach, Ty,2019,L,520,1.3,81.9,2432,-3.8,-43.2,3.9,1.4,8.6,77.1,2392,-7.3,-59.6,13.3,1.6,
Yarbrough, Ryan,2019,L,2057,,,,,,,,13.5,72.8,2405,-14.5,-50.6,15.1,2.2,
Canning, Griffin,2019,R,1552,28.8,88.9,2506,2.0,-28.6,7.5,1.3,16.0,82.0,2425,9.3,-47.9,11.2,1.4,
Thorpe, Lewis,2019,L,492,19.7,84.6,1956,-3.5,-31.1,7.5,1.7,17.4,73.6,2440,-10.0,-66.3,18.7,1.6,
Avilan, Luis,2019,L,600,,,,,,,,12.1,75.4,2450,-10.4,-57.4,12.5,2.1,
Webb, Jacob,2019,R,534,,,,,,,,33.1,81.6,2472,6.7,-47.5,9,1.1,
Wright, Mike,2019,R,577,35.5,88.7,2259,4.0,-31.0,6.4,1.6,1.2,82.9,2489,4.7,-42.3,5.8,1.4,
Gray, Jon,2019,R,2372,33.5,88.3,2220,1.6,-30.2,5.9,1.4,11.0,78.6,2518,10.1,-52.0,12.6,1.7,
Quijada, Jose,2019,L,647,,,,,,,,11.4,80.2,2531,-9.5,-43.9,9.9,1.6,
Bettis, Chad,2019,R,1030,,,,,,,,12.0,77.3,2539,12.0,-56.0,15.1,3.1,
Suarez, Andrew,2019,L,538,23.4,84.4,2379,-5.9,-43.3,7.6,2.1,5.3,76.0,2552,-10.6,-62.0,15.6,1.5,
Leake, Mike,2019,R,2966,12.5,80.3,2506,9.5,-45.7,9.9,1.8,7.9,79.3,2572,14.6,-47.4,14.9,1.9,
Davis, Wade,2019,R,839,,,,,,,,18.8,82.8,2582,6.3,-51.2,12.2,1.7,
Urquidy, Jose,2019,R,693,17.1,82.8,2581,5.8,-35.1,10.1,2.2,9.8,79.0,2592,7.4,-57.7,14.4,1.7,
Workman, Brandon,2019,R,1244,,,,,,,,47.0,80.6,2608,6.4,-58.2,17.6,1.5,
Lockett, Walker,2019,R,369,,,,,,,,24.1,80.0,2629,12.0,-50.6,13.9,1.3,
Bumgarner, Madison,2019,L,3238,,,,,,,,18.3,78.8,2645,-11.8,-49.6,12.8,1.5,
Gant, John,2019,R,1085,,,,,,,,10.4,77.1,2653,8.1,-62.9,18,1.5,
Leclerc, Jose,2019,R,1275,37.0,82.0,2713,10.9,-41.7,11.4,1.7,1.2,77.0,2667,11.2,-60.0,16,1.6,
Elias, Roenis,2019,L,803,,,,,,,,13.4,77.5,2686,-16.3,-61.3,20.6,2,
Scherzer, Max,2019,R,2769,20.6,85.6,2365,3.2,-36.1,4.4,1.3,8.6,78.5,2719,10.8,-51.3,12.5,1.6,
Smeltzer, Devin,2019,L,732,4.0,82.8,2429,-4.4,-36.6,6.8,1.6,24.4,76.8,2738,-12.4,-57.8,15.9,1.4,
Gsellman, Robert,2019,R,1072,26.5,90.5,2429,-1.3,-28.9,6.1,1.7,11.6,81.3,2748,11.6,-54.9,16.9,1.5,
Arrieta, Jake,2019,R,2192,11.9,89.7,2363,2.9,-26.0,9.6,1.4,13.3,80.6,2766,13.7,-54.7,17.5,1.5,
Fiers, Mike,2019,R,2833,17.7,85.7,2481,3.2,-28.3,10.9,2.1,17.4,74.0,2781,10.9,-70.7,21.2,1.7,
Loaisiga, Jonathan,2019,R,591,,,,,,,,30.7,84.2,2805,8.0,-45.2,10.3,1.6,
Voth, Austin,2019,R,683,11.2,86.6,2503,3.3,-29.2,9,1.4,20.2,79.5,2828,13.8,-48.9,14.6,1.4,
Morton, Charlie,2019,R,3138,,,,,,,,37.3,78.6,2886,18.6,-55.5,20.9,1.2,
Sadler, Casey,2019,R,696,,,,,,,,27.4,81.7,2911,10.8,-50.2,13.5,1.3,
Chatwood, Tyler,2019,R,1285,,,,,,,,11.3,81.4,3092,9.3,-56.6,16.8,1.8,
Plesac, Zach,2019,R,1892,18.7,84.9,2028,1.7,-35.4,4.3,1.6,10.0,79.4,1955,7.3,-55.1,12.7,1.7,
Paxton, James,2019,L,2662,,,,,,,,18.8,81.1,2013,-3.3,-48.8,8.1,1.5,
Ray, Robbie,2019,L,3058,30.7,84.2,2145,-1.9,-34.7,5.1,1.8,16.4,81.6,2045,-1.2,-46.5,5,2.4,
Anderson, Nick,2019,R,1101,,,,,,,,40.0,83.1,2094,1.3,-43.0,3.4,1.6,
Hendriks, Liam,2019,R,1317,21.5,88.5,2156,2.4,-29.9,5.7,1.4,7.8,84.4,2117,2.9,-49.0,10.8,1.5,
Wood, Alex,2019,L,586,,,,,,,,24.5,81.4,2161,-3.8,-45.1,5.2,1,
Burke, Brock,2019,L,476,0.6,84.7,2328,-1.0,-31.9,6.6,1.5,22.2,80.3,2201,-7.8,-42.2,8.3,1.9,
Weaver, Luke,2019,R,1053,,,,,,,,9.0,81.3,2216,1.3,-50.9,8.7,1.8,
Cortes Jr., Nestor,2019,L,1299,31.1,82.0,2320,-5.3,-38.2,7.2,2.8,4.2,74.8,2256,-6.5,-52.8,7.1,2.6,
Jurado, Ariel,2019,R,2043,14.9,85.3,2124,1.6,-36.4,3.2,1.7,8.9,80.3,2267,5.3,-48.3,7.8,1.4,
Taylor, Josh,2019,L,836,37.6,87.5,2348,-3.8,-31.5,6.1,1.5,1.7,80.0,2277,-6.3,-46.5,7.5,1.6,
Guerra, Javy,2019,R,1076,25.0,85.2,2101,4.3,-35.3,6.3,2,7.1,79.0,2289,5.2,-54.3,11.8,1.8,
Bieber, Shane,2019,R,3223,26.4,85.0,2370,1.4,-34.9,4.1,1,20.4,82.7,2303,4.0,-50.6,11.2,1.2,
Wieck, Brad,2019,L,632,11.0,84.1,2058,-2.8,-36.3,4.4,2,11.5,74.9,2331,-9.7,-63.6,17.4,1.3,
Melville, Tim,2019,R,563,54.7,83.1,2286,1.6,-37.3,3.5,1.9,5.8,75.4,2358,3.3,-56.4,8.2,2.4,
Dobnak, Randy,2019,R,427,,,,,,,,27.8,84.1,2392,2.6,-42.3,4.3,1.3,
Bundy, Dylan,2019,R,2778,22.7,81.1,2573,5.0,-44.6,5.9,1.3,9.9,74.8,2404,9.0,-64.5,16.6,1.5,
Weber, Ryan,2019,R,674,1.1,86.3,2246,-3.0,-33.9,5.8,1.7,29.5,77.6,2415,18.2,-56.9,20.5,1.7,
Peralta, Freddy,2019,R,1599,,,,,,,,20.5,77.2,2424,8.2,-55.6,13.3,1.6,
Blevins, Jerry,2019,L,558,,,,,,,,49.1,72.3,2439,-14.7,-60.0,16.3,1.1,
Lopez, Jorge,2019,R,2059,6.0,88.4,2199,1.4,-29.2,6.5,1.8,32.1,81.7,2450,7.1,-53.0,13.4,1.7,
Milone, Tommy,2019,L,1670,10.2,79.1,2328,-4.6,-41.9,6.3,1.4,7.8,75.3,2471,-4.4,-53.1,5.7,1.8,
Clarke, Taylor,2019,R,1511,25.4,85.3,2227,4.7,-36.6,5.6,1.5,9.6,79.3,2484,4.1,-57.1,12.7,1.7,
Trivino, Lou,2019,R,953,,,,,,,,10.4,79.8,2505,12.6,-51.9,15,1.4,
Tinoco, Jesus,2019,R,616,31.6,87.2,2362,1.6,-34.0,5,1.8,5.3,81.8,2517,7.2,-45.8,8.3,1.3,
Kluber, Corey,2019,R,611,,,,,,,,22.9,82.9,2538,18.1,-41.2,18.4,1.3,
Magill, Matt,2019,R,885,18.7,88.4,2501,4.5,-32.4,5.7,1.7,30.0,85.9,2550,3.4,-43.8,7.6,1.5,
Wick, Rowan,2019,R,587,3.7,83.5,2361,5.6,-42.7,6.6,1.6,27.7,76.9,2582,8.9,-65.1,19.6,1.5,
Biddle, Jesse,2019,L,601,20.1,87.1,2350,-3.7,-33.7,5.8,2.2,25.1,77.2,2591,-12.5,-62.7,19.7,1.3,
Lester, Jon,2019,L,3041,,,,,,,,15.3,74.5,2606,-11.5,-55.3,12.6,2,
Estrada, Marco,2019,R,333,,,,,,,,4.2,75.4,2626,7.2,-63.0,13.5,1.4,
Jackson, Luke,2019,R,1253,53.5,87.7,2576,2.2,-42.8,7.9,1.1,8.4,83.7,2645,7.7,-53.6,16.1,1.6,
Guerra, Junior,2019,R,1350,,,,,,,,18.8,82.1,2651,7.2,-49.4,11.1,1.6,
Maeda, Kenta,2019,R,2433,31.4,83.5,2514,4.6,-33.9,8.8,1.7,7.3,77.1,2685,11.2,-59.2,16.2,1.7,
Lamet, Dinelson,2019,R,1232,12.1,86.2,2653,4.7,-34.3,6.3,1.3,31.6,85.5,2710,10.1,-39.6,10.4,1.5,
Marshall, Evan,2019,R,834,,,,,,,,16.6,83.2,2734,8.6,-49.5,12.4,1.5,
Lakins, Travis,2019,R,395,,,,,,,,19.4,81.6,2747,9.8,-55.2,16,1.5,
Harris, Will,2019,R,912,,,,,,,,41.9,81.3,2775,11.7,-56.7,18.6,1,
Garcia, Yimi,2019,R,997,17.6,86.9,2663,3.8,-33.4,6,2.2,30.7,83.2,2801,10.2,-42.7,10.6,1.6,
Newcomb, Sean,2019,L,1181,8.1,81.4,2841,-13.7,-50.6,15.7,1.3,19.7,78.8,2874,-8.7,-65.2,20.2,1.5,
Peters, Dillon,2019,L,1274,3.9,82.9,2388,-2.9,-43.3,4.3,1.3,24.7,76.7,2909,-10.3,-60.2,15.9,1.4,
Valdez, Framber,2019,L,1175,,,,,,,,34.2,79.4,2960,-13.7,-59.8,20.2,1.3,
May, Dustin,2019,R,566,,,,,,,,10.6,83.0,3058,8.4,-53.9,15.9,1.4,